modelo,fold,segundos_fit,accuracy,train_accuracy,precision,train_precision,recall,train_recall,f1,train_f1,balanced_accuracy,train_balanced_accuracy,ap,train_ap,roc_auc,train_roc_auc
Dummy mayoritario,0,0.26157116889953613,0.9415484532558537,0.9406855439642325,0.0,0.0,0.0,0.0,0.0,0.0,0.5,0.5,0.0584515467441463,0.05931445603576751,0.5,0.5
Dummy mayoritario,1,0.20250391960144043,0.9412663384824308,0.9407549584133077,0.0,0.0,0.0,0.0,0.0,0.0,0.5,0.5,0.058733661517569175,0.059245041586692256,0.5,0.5
Dummy mayoritario,2,0.1956484317779541,0.9379322268326418,0.9415760869565217,0.0,0.0,0.0,0.0,0.0,0.0,0.5,0.5,0.06206777316735823,0.058423913043478264,0.5,0.5
Dummy mayoritario,3,0.18724274635314941,0.9403035413153457,0.9409980346919593,0.0,0.0,0.0,0.0,0.0,0.0,0.5,0.5,0.0596964586846543,0.05900196530804067,0.5,0.5
Dummy mayoritario,4,0.1865241527557373,0.9431972789115646,0.9402711459754434,0.0,0.0,0.0,0.0,0.0,0.0,0.5,0.5,0.05680272108843538,0.05972885402455662,0.5,0.5
Regresión logística,0,0.8295018672943115,0.7586737309861562,0.6567596338088142,0.1489501312335958,0.11853546910755149,0.6637426900584795,0.7437185929648241,0.2433011789924973,0.20448041053982038,0.7141548810611875,0.6974975365693213,0.13828044162359843,0.17626075828175577,0.7486303645602782,0.7626642790788478
Regresión logística,1,0.771226167678833,0.7752503819385503,0.7373853700149285,0.14820143884892087,0.13647453491918268,0.5953757225433526,0.6443484521238301,0.23732718894009217,0.2252422297722411,0.6909250118577899,0.6937964603745737,0.17091768027643026,0.15640679127421875,0.7800948101971781,0.759389330464009
Regresión logística,2,0.6683197021484375,0.438969571230982,0.69921875,0.0778232884727911,0.13297325102880658,0.7409470752089137,0.751453488372093,0.14085252846174212,0.22596153846153846,0.5799666251620605,0.7237155609248633,0.06460143322506093,0.1844323407675499,0.5356284096889722,0.7858952507844224
Regresión logística,3,0.8379466533660889,0.8338954468802698,0.716568401264633,0.16684266103484688,0.130746520455504,0.4463276836158192,0.6734250543084721,0.24289008455034589,0.21897810218978103,0.6524142004879669,0.6963493035447015,0.16585052808424322,0.16241460851251302,0.7372671112678225,0.7717776767727411
Regresión logística,4,0.8353245258331299,0.7331632653061224,0.6546299454297408,0.11478477854023705,0.12206678700361011,0.5508982035928144,0.7723054960742327,0.18998451213216314,0.21081344374086702,0.6475190621281779,0.7097301681232646,0.16516002079946132,0.17184951425888534,0.7167020088924207,0.780166626455081
Árbol de decisión,0,0.28211426734924316,0.8041360451204922,0.6799233553331914,0.1598984771573604,0.12848823101189033,0.5526315789473685,0.760229720028715,0.24803149606299213,0.21982355993772704,0.6861905398821069,0.7175446988700519,0.1229025419061558,0.23667774070204464,0.6859806228829167,0.790831631580733
Árbol de decisión,1,0.2822904586791992,0.8054659650314039,0.8015781616549371,0.15095986038394416,0.17007077856420627,0.5,0.605471562275018,0.23190348525469168,0.265550994632144,0.662263300270514,0.7096998725412087,0.1777165398379276,0.22994786751194055,0.7487527168672501,0.7885939364241502
Árbol de decisión,2,0.2782278060913086,0.49844398340248963,0.7108101222826086,0.07941760423560557,0.13771497133715505,0.6685236768802229,0.7507267441860465,0.1419698314108252,0.23273628478089445,0.5778563084861944,0.7295300387596899,0.2115269831227938,0.19161515617772695,0.7086361244111267,0.7975864562097301
Árbol de decisión,3,0.2695314884185791,0.8725126475548061,0.7889430060668204,0.19637462235649547,0.16531878879067144,0.3672316384180791,0.6364952932657495,0.2559055118110236,0.2624664078829501,0.6359113715763279,0.7174984979382095,0.16728131277441882,0.2333839043177013,0.7293234625392118,0.7953783839541171
Árbol de decisión,4,0.33509302139282227,0.6074829931972789,0.617837653478854,0.08,0.11589639410868462,0.562874251497006,0.814418272662384,0.14008941877794337,0.20291659256624578,0.5865218715112148,0.7098842666871203,0.07351975898533909,0.23449998051526377,0.5982128782463922,0.7939019817919998
Random forest,0,5.309556722640991,0.779183045633225,0.7849265488609751,0.15328467153284672,0.16316758747697974,0.6140350877192983,0.6360373295046662,0.24532710280373832,0.2597098050710831,0.7017352784757319,0.7151760067765953,0.17413477990050236,0.23668503761442902,0.7761695641050954,0.7984534490564095
Random forest,1,4.95684814453125,0.8058054659650314,0.8037534655576882,0.1566265060240964,0.17237862097103224,0.5260115606936416,0.6083513318934485,0.2413793103448276,0.26863773644889527,0.6746378813387054,0.7122052270638806,0.20052541966740667,0.23947063437651836,0.7648133766294688,0.808174584335756
Random forest,2,5.177730560302734,0.4583333333333333,0.7182829483695652,0.08172496984318456,0.13994248938792278,0.754874651810585,0.7427325581395349,0.14748299319727892,0.23551100357184007,0.5967921646149699,0.7297492155777039,0.14382850503106104,0.2210395813269903,0.7034781715723399,0.8089262184238565
Random forest,3,4.895817756652832,0.8772344013490725,0.7915491754251047,0.2059748427672956,0.16774316109422494,0.3700564971751412,0.6393917451122375,0.26464646464646463,0.2657637321294206,0.6397448913422334,0.7202407079704207,0.1964199750894895,0.245001110130534,0.7304248332239056,0.8152655834287448
Random forest,4,5.079450607299805,0.7215986394557823,0.7830832196452933,0.11653914067098294,0.1658510059815117,0.592814371257485,0.6531049250535332,0.19478603049680276,0.2645273200346921,0.6610844304899037,0.7222223786455606,0.12907148557607723,0.2555580725107682,0.7186786722264092,0.8126860190384464
